,codex,name
0,3006,kang chil gu
1,4920,lazarovych oleksandr
2,2805,glasder michael j
3,5324,dellasega diego
4,1905,korolev alex
5,2987,descombes sevoie vincent
6,1984,janda jakub
7,3023,pikl primoz
8,4321,stoch kamil
9,4259,ito daiki
10,4664,rosliakov ilja
11,2062,kuettel andreas
12,2927,neumayer michael
13,2917,romoeren bjoern einar
14,5360,niemi sami
15,4141,kofler andreas
16,2024,kim hyun-ki
17,4922,shumbarets vitaliy
18,4764,fairall nicholas
19,4724,morassi andrea
20,4748,karaulov ivan
21,4041,lazzaroni david
22,4801,koudelka roman
23,4939,meznar mitja
24,5298,kot maciej
25,2530,tochimoto shohei
26,4613,ipatov dimitry
27,5590,egloff pascal
28,2009,spaeth georg
29,5181,gangnes kenneth
30,3012,happonen janne
31,2928,fettner manuel
32,2025,choi heung-chul
33,4336,boshchuk volodymyr
34,5219,alexander nicholas
35,4720,dellasega roberto
36,1906,karpenko nikolay
37,5320,mabboux alexandre
38,4643,cikl martin
39,2918,kranjec robert
40,2036,bachleda marcin
41,4367,takeuchi taku
42,2546,karelin pavel
43,1922,grigoli marco
44,2010,uhrmann michael
45,4889,jacobsen anders
46,4580,olli harri
47,5750,mueller lukas
48,2026,choi yong-jik
49,5349,veredyuk volodymyr
50,4626,johnson anders
51,4186,colloredo sebastian
52,3787,zhaparov radik
53,2819,chedal emmanuel
54,3090,hlava lukas
55,4025,damjan jernej
56,2039,malysz adam
57,2022,kasai noriaki
58,4880,kornilov denis
59,2067,ammann simon
60,1998,schmitt martin
61,5064,hilde tom
62,2970,keituri kalle
63,4143,morgenstern thomas
64,,herr alexander
65,2138,horlacher kevin
66,5564,freitag richard
67,6296,zauner david
68,,veredyuk volodymyr 
69,5168,zografski vladimir
70,5760,trofimov roman-sergeevich
71,4678,boyd-clowes mackenzie
72,4561,read stefan
73,5404,ulmer christian
74,5302,mietus krzysztof
75,4215,musiol julian
76,4226,wank andreas
77,2129,bodmer pascal
78,5141,rutkowski lukasz
79,4197,freund severin
80,5904,sklett vegard-haukoe
81,4015,hocke stephan
82,2016,okabe takanobu
83,5186,eggenhofer markus
84,4379,yumoto fumihisa
85,2934,bardal anders
86,1967,zmoray tomas
87,2813,vassiliev dimitry
88,6174,cala sebastien
89,,dorme julien
90,5188,mayer nicolas
91,5234,schuler adrian
92,2061,guignard antoine
93,5326,muranka klemens
94,5745,zapotoczny andrzej
95,5142,kubacki dawid
96,4734,sliz rafal
97,4991,kowal dawid
98,4322,hula stefan
99,2815,koch martin
100,5710,kovaljeff kai
101,2088,loitzl wolfgang
102,5749,evensen johan remen
103,,sobolev ivan
104,2916,ruuskanen juha-matti
105,5040,schlierenzauer gregor
106,4236,vaculik ondrej
107,2130,umezaki keita
108,2933,sakano yukio
109,5521,sakuyama kento
110,4302,osanai yoshihiko
111,2021,funaki kazuyoshi
112,2852,watase yuta
113,4706,lackner daniel
114,5297,kot jakub
115,5288,hayboeck michael
116,2186,kramarsic matic
117,5053,hrgota robert
118,2947,matura jan
119,5068,elverum sorsell kim rene
120,1991,hautamaeki matti
121,5607,levkin evgeni
122,2136,bogner tobias
123,4882,aaraas jon
124,,10 mar 1986
125,2178,schoft felix
126,6311,kokkonen akseli
127,1945,unterberger david
128,5438,diethart thomas
129,5670,kozma szilveszter
130,5671,tudor remus
131,4333,urbanc rok
132,5301,mietus grzegorz
133,5661,pavlov bogomil
134,5099,lyons john
135,2805,glasder michael
136,4692,francais remi
137,4325,zyla piotr
138,1995,ahonen janne
139,5115,nordin carl
140,,takhtakhunov asan
141,4176,grimholm isak
142,5396,larinto ville
143,5972,fannemel anders
144,5174,stjernen andreas
145,3071,pettersen sigurd
146,2033,ljoekelsoey roar
147,5658,prevc peter
148,5123,balkaasen fredrik
149,1950,de crignis alessio
150,1972,thurnbichler stefan
151,2931,mechler maximilian
152,5038,innauer mario
153,4714,strolz andreas
154,5019,lamb chris
155,2999,sedlak borek
156,2177,queck danny
157,4593,hajek antonin
158,2018,yoshioka kazuya
159,2119,higashi akira
160,4646,tepes jurij
161,4547,lappi arttu
162,1901,tian zhandong
163,1900,li yang
164,2915,yliriesto kimmo
165,5185,muotka olli
166,3988,tajner tomislaw
167,1951,paern illimar
168,4299,endo shuji
169,5253,eisenbichler markus
170,5262,leyhe stephan
171,5468,oshepkov stanislav
172,6033,chervyakov georgiy
173,6032,bychkoy sergey
174,5435,deschwanden gregor
175,5346,larsson josef
176,5442,schabereiter florian
177,5796,maeaettae jarkko
178,1905,korolev alexey
179,5067,roensen atle pedersen
180,5987,velta rune
181,,
182,,zhurakivskyy vasyl 
183,5374,zhurakivskyy vasyl
184,5723,lamy chappuis ronan
185,5493,byrt tomasz
186,4024,hosoyama shusaku
187,5443,zima rok
188,5293,bjerkeengen fredrik
189,5988,brandt johan martin
190,4957,swensen vegard
191,6258,nomme martti
192,4947,anisimov maksim
193,5235,sammelselg siim-tanel
194,5795,saapunki sami
195,5675,sindler denis
196,5805,mitchell eric
197,5757,asikainen lauri
198,3104,sinkovec jure
199,5336,frenette peter
200,5589,johansson robert
201,5109,pograjc andraz
202,3989,horst florian
203,5284,pungertar matjaz
204,5037,hayboeck stefan
205,5026,naglic tomaz
206,3652,brodauf felix
207,5479,judez dejan
208,6348,karlengen silje
209,5015,vuik wendy
210,5389,senoner simona
211,5742,steen hansen synne
212,5473,thomae lara
213,5930,lundby maren
214,5649,espiau caroline
215,5716,roider cornelia
216,1919,stuffer barbara
217,5763,zotova maria
218,5401,sprakehaug silje
219,6043,taktaeva irina
220,6186,keil katharina
221,4890,sagen anette
222,5428,enger gyda
223,5793,kykkaenen julia
224,6013,lemare lea
225,5483,dolezelova michaela
226,1917,d agostina roberta
227,5388,insam evelyn
228,5386,windmueller bigna
229,5917,clair julia
230,5387,windmueller sabrina
231,4637,van lindsey
232,1913,logar eva
233,4537,kasai yoshiko
234,5855,rogelj spela
235,1921,runggaldier elena
236,1952,seyfarth juliane
237,4632,jerome jessica
238,1912,demetz lisa
239,4929,vtic maja
240,1953,faisst melanie
241,4883,johnson alissa
242,1911,haefele anna
243,4767,graessler ulrike
244,4893,jahr line
245,4538,watase ayumi
246,2682,hughes abby
247,4130,iraschko daniela
248,1908,mohr jenna
249,6198,takanashi sara
250,5754,ito yuki
251,1909,seifriedsberger jacqueline
252,5498,mattel coline
253,5062,mazoch jiri
254,5063,kozisek cestmir
255,6492,sokolenko konstantin
256,5119,koivuranta anssi
257,5193,ingvaldsen ole marius
258,2045,peterka primoz
259,5481,winkler david
260,5039,poppinger manuel
261,6175,karta samet
262,6139,funtarov deyan
263,5476,"aalst, van der oldrik"
264,6114,yuksel faik
265,5585,schiffner markus
266,,vassiliev dmitri
267,6342,kraus marinus
268,4715,thurnbichler thomas
269,5273,wenig daniel
270,5760,trofimov roman
271,5883,rupprecht anna
272,,mitchel charlotte
273,6090,henrich taylor
274,6563,haralambie dana vasilica
275,5251,wuerth svenja
276,6599,ma tong
277,5516,kostner nadine
278,6598,li xueyao
279,6600,chang xinyue
280,5010,vogt carina
281,6310,gianmoena veronica
282,5006,pock verena
283,5714,straub ramona
284,5707,mikova lucie
285,6564,torok denisa
286,6569,schoitsch sonja
287,6601,zhang qiuyue
288,6602,ji cheng
289,6231,cui linlin
290,5332,lussi nina
291,5005,pograjc manja
292,1916,tepes anja
293,1914,pustkova vladena
294,6197,bogataj ursa
295,4963,ito kenshiro
296,2919,yamada hiroki
297,3037,takayanagi taro
298,5803,de leeuw yukon
299,5429,ziobro jan
300,4597,takhtakhunov assan
301,2708,bresadola davide
302,6265,veschekova anastasiya
303,5999,hendrickson sarah
304,,piho kail 
305,,nurmsalu kaarel 
306,5647,piho kail
307,6145,nurmsalu kaarel
308,5046,dobovsek matej
309,,lamy chappuis jason 
310,2778,lamy chappuis jason
311,6125,gugg florian
312,5948,goeschl kevin
313,5519,wohlgenannt ulrich
314,5448,pfannenstill elias
315,6093,huber stefan
316,5497,kraft stefan
317,6680,degtyarev youry
318,6622,valitov ildar
319,4009,bogataj jure
320,5620,hizar niko
321,6677,ahibalau mikita
322,6108,krajncan urh
323,6075,szilagyi akos
324,6688,kamynin aleksei
325,6684,krapez david
326,6674,mekhetka aliaksandr
327,6696,wellinger andreas
328,6335,vitez robert
329,6687,utev artem
330,6176,cintimar muhammet irfan
331,5913,schwinghammer alois
332,5713,blaha hubert
333,6142,kopesbayev abylay
334,6676,yurkevich aliaksandr
335,5963,shimizu reruhi
336,6500,"jong, de rico"
337,6004,"wit, de ruben"
338,5781,marcocig giacomo
339,6179,demir ayberk
340,6277,loehmann johannes
341,6675,maladsou nikita
342,6412,bartos david
343,6683,silih zak
344,6041,leontyev grigoriy
345,5565,fudel daniel
346,5943,aberger marco
347,5784,khashirov assymzhan
348,5788,muminov sabirzhan
349,5819,juffinger thomas
350,5210,hacek vit
351,5502,weiss daniel
352,6347,hollaus francesco
353,4599,zhaparov marat
354,5906,friedrich tomas
355,5829,prislic ernest
356,5439,stauder christoph
357,5515,altenburger florian
358,5778,cecon federico
359,5114,pchelintsev alexey
360,5518,aigner clemens
361,6414,stursa vojtech
362,5945,huber daniel
363,5437,reiter christian
364,5517,lackner thomas
365,5045,lunardi michael
366,6194,maksimochkin mikhail
367,6055,kadlec milos
368,2171,paschke pius
369,5706,romashov alexey
370,5532,obermayr johannes
371,6167,koch bjoern
372,5547,klusek bartlomiej
373,5494,zniszczol aleksander
374,5607,levkin yevgeniy
375,,kobayashi junshiroh
376,6329,streitler patrik
377,6476,ravnik kristijan
378,6525,samec matevz
379,5451,kobayashi junshiro
380,5484,gawron joanna
381,6567,rajnochova michaela
382,5000,pozun katja
383,6314,szwab joanna
384,6113,althaus katharina
385,6595,tikhonova sofya
386,5204,hirayama yurika
387,6504,tanaka atsuko
388,6929,tanaka atsuko
389,6644,robert anthony
390,5602,gonthier nicolas
391,4588,braud francois
392,5735,lacroix sebastien
393,5500,raffort benjamin
394,6010,wiget samuel
395,5928,kleis felix
396,5318,airiau gautier
397,5600,cailleau wilfried
398,6307,korek dusty
399,6133,kamienski oliver
400,4915,laheurte maxime
401,6116,ernst benjamin
402,6559,torok eduard
403,1931,rowley matthew
404,5232,anken vital
405,6560,pitea sorin iulian
406,6127,maylaender dominik
407,5880,schmid alexander
408,5734,lafarge geoffrey
409,5603,martin nicolas
410,5094,guy samuel
411,6632,loeffler tobias
412,6008,kaelin pascal
413,5921,anken olivier
414,5573,maier dominik
415,6712,didier nicolas
416,6091,waldis fabian
417,5738,jacquier romain
418,6561,tatu robert valentin
419,5263,maylaender jan
420,5741,sommer pascal
421,6689,langer jonas
422,5924,egloff luca
423,5890,wangler niclas
424,6713,gerard antoine
425,5737,viry david
426,6246,scherrer marvin
427,6590,rueegg manuel
428,6123,ortner thomas
429,6031,usachev egor
430,6728,brown a j
431,6187,wallace brian
432,5220,bailey buck
433,5901,herrmann michael
434,5505,ganserer marc
435,6071,lugert tobias
436,6029,pachin andrey
437,6670,bailey hyrum
438,5503,althaus daniel
439,6032,bychkov sergey
440,5020,wert trevor
441,6009,schuler andreas
442,6235,peier killian
443,6199,dreher michael
444,6782,khalezov alexander
445,6251,buzzi raffaele
446,6327,tollinger elias
447,6581,rhoads william
448,6349,larsson benjamin
449,6616,friberg christian
450,2874,kalinitschenko anton
451,,nomme martti est
452,6398,klinga sebastian
453,6238,ylipulli miika
454,5361,kulmala mika
455,5799,maeaettae antti
456,3006,kang chil-ku
457,6000,valta ossi-pekka
458,5407,mandl ziga
459,5676,dezman nejc
460,2903,lindstroem veli-matti
461,6343,gladysheva anastasiya
462,6596,kustova alexandra
463,5954,kobayashi yuka
464,6210,iwabuchi kaori
465,6352,hagemoen jenny synnove
466,6027,enerhaugen espen
467,6204,skeie sondre
468,6573,aalien fredrik
469,6215,engen klaus ovlien
470,6583,ristad mathias
471,6844,soberg sigurd nymoen
472,6206,bergquist hans petter
473,6401,skinnes stian andre
474,5385,halvorsen espen enger
475,6214,moe jon haakon
476,6428,ojala juho
477,6312,sjoeen phillip
478,6189,chaadaev petr
479,6004,wit de ruben
480,6461,drozdov serhiy
481,6097,berggaard mats s
482,6719,yakibyuk igor
483,6025,lianes tommy
484,6098,tande daniel-andre
485,6100,forfang johann
486,5416,grimsrud simen
487,6584,roee espen
488,6399,myhre sondre
489,6663,khamitov kanat
490,6841,korhonen jani
491,6776,herola matti
492,5124,mitz alexander
493,6400,hellerud andreas myhre
494,6816,polushin vladimir
495,5791,kalykov shyngys
496,6005,antonissen lars
497,6493,sviridov igor
498,6463,kalinchuk andriy
499,6247,hagemoen leif marius
500,5476,aalst van der oldrik
501,6470,klinec ema
502,6089,englund nita
503,6308,sepandj jasmine
504,6795,roestad karoline
505,6842,skinnes marte pauline
506,,sardyko alexander rus
507,6141,kankenov anton
508,5606,kankenov anton
509,5466,hazetdinov ilmir
510,5672,lichy patrik
511,5522,suzuki sho
512,5891,hvala jaka
513,5695,justin rok
514,5760,trofimov roman- sergeevich
515,5397,heiskanen sami
516,5764,sardyko alexander
517,5904,sklett vegard haukoe
518,5554,hoeppner lucienne
519,6403,zobel veronika
520,6196,yamada yurina
521,5933,di lenardo zeno
522,,lanin  ivan
523,6480,prevc cene
524,6636,dufter thomas
525,6494,shulaev sergey
526,,geiger karle
527,5420,sporynin dmitry
528,5612,bartol gasper
529,5929,heim christian
530,5626,semenic anze
531,6364,lechner sepp
532,6510,shuvalov alexander
533,6806,mocanita alexandru
534,5629,susnik urban
535,6743,migachev maksim
536,6193,persiyancev vladislav
537,6802,hutchins tyler
538,6325,haupt alexander
539,5097,haupt alexander
540,2565,buyvolov alexey
541,5892,kosec jaka
542,5682,vodan gasper
543,6084,aschenwald phillipp
544,5630,tesovnik jaka
545,6086,greiderer simon
546,6425,martincic gasper
547,6679,boyarintsev vladislav
548,5859,tanner robin
549,5864,menz florian
550,5884,faller jonas
551,6673,rashitova adelya
552,6768,kaverinen tanja
553,5197,hosoda shotaro
554,5523,watanabe hiroaki
555,4272,yamamoto kenta
556,6437,lanisek anze
557,5751,hlebanja ales
558,6292,kveder miha
559,5838,likar matej
560,6109,verbajs tomaz
561,6739,rogelj matic
562,5869,roeder franz
563,6138,simov daniel
564,6864,reuschel sebastian
565,6088,sakala filip
566,5278,babnik tim
567,5567,geiger karl
568,6265,veshchikova anastasia
569,6315,zepic aljaz
570,4972,zupancic miran
571,5631,tomazin ziga
572,6293,stupar gasper
573,5022,brnot luka
574,5116,kykkaenen jere
575,,hlyvka vladomyr
576,5528,nordman janne
577,5974,hauer joachim
578,5985,ystgaard oddvar
579,6156,kojzar mateusz
580,5939,biegun krzysztof
581,6877,larson casey
582,6817,loomis ben
583,6876,denney andre
584,6798,mattoon nicholas
585,6671,bickner kevin
586,6731,edlund trevor
587,6865,livelten adrian soerensen
588,6305,maurer joshua
589,6800,reid rogan
590,6436,seretinek nejc
591,6506,ferkov ozbej
592,6801,soukop matthew
593,5212,berka radim
594,5392,farkas pavel
595,6328,holik frantisek
596,5990,ripper david
597,6413,soucek jan
598,5694,kuban robert
599,6181,jerabek rudolf
600,6566,mech robert
601,5893,vodan aljaz
602,6484,klaric jernej
603,5841,modic andraz
604,5721,xing chenhui
605,5936,dunajski patryk
606,2699,rus jaka
607,6475,crnko rok
608,6772,kolmakov pavel
609,6699,janota konrad
610,6838,ruda adam
611,6529,mojzesz piotr
612,6746,hebel sebastian
613,6155,szostok szymon
614,5548,kukula artur
615,6054,dejmkova natalie
616,6866,beisvaag maria hurtado
617,6649,blazkova barbora
618,6751,palasz magdalena
619,6477,stare agata
620,6647,liu qi
621,6875,indrackova karolina
622,6867,stroem anna odine
623,6787,joitova martina
624,5339,miller alex
625,5327,bliss andrew
626,4754,graves willy
627,5491,przybyla jakub
628,5356,gasienica-kotelnicki wojciech
629,6062,heinrich tim
630,5877,moeckel ron
631,6280,mueller christoph
632,6553,siegel david
633,6112,wilfert nils
634,5876,weiss franz
635,6650,baumunk martin
636,5902,pohle ludwig
637,6752,siegel jonathan
638,6132,lehenberger sven
639,6065,wagner lukas
640,5159,cieslar mateusz
641,6211,maruyama jun
642,2196,sawaya natsuka
643,4539,koasa seiko
644,6426,loit rauno
645,,fletcher bryan 
646,6085,hofer thomas
647,6329,streitler patrick hermann
648,6158,milczanowski michal
649,5495,hayboeck alexander
650,6165,wolny jakub
651,6589,schaffer lucas
652,6922,aschenwald patrick
653,4760,fletcher bryan
654,5773,klymchuk andrii
655,6548,hessler pauline
656,6503,malsiner manuela
657,6660,pretorius alexandra
658,6043,avvakumova irina
659,6541,leitner patrick
660,6788,steiner maximilian
661,6640,mendel mario
662,6938,rakparov chingiz
663,6812,pyzhov sergey
664,6939,adilov akram
665,5808,mah nathaniel
666,6281,bradatsch sebastian
667,4683,savill wesley
668,6960,sultangulov artur
669,5836,klinec gasper
670,6177,ipcioglu fatih arda
671,,zhaparov marat 
672,6224,taehkaevuori riku
673,6995,vaenskae elias
674,6431,lehtinen aapo
675,6996,aalto antti
676,5472,gornostaev roman
677,4269,tanaka shota
678,4849,sasaki yuhei
679,6511,veselov denis
680,6408,ilves kristjan
681,4010,sawara takashi
682,6930,okas sebastian
683,,geoffray anais
684,6844,soeberg sigurd nymoen
685,6395,iwasa haruka
686,6570,hoelzl chiara
687,6024,matsuhashi aki
688,5513,knutsson elina
689,6397,rautionaho jenny
690,6605,heikkinen noora
691,5236,takeda ayuka
692,4798,shigeno misaki
693,6157,podzorski lukasz
694,6366,kanik dawid
695,7015,gryczuk krystian
696,5486,zieba jan
697,6735,faferko wojciech
698,6736,swierczek piotr
699,5550,biela stanislaw
700,5379,mytskaniuk yauheny
701,6507,setnikar rok
702,6530,kantyka przemyslaw
703,5894,benedik matic
704,6081,niedhart lukas
705,6546,moser marco
706,6869,fuchs manuel
707,6730,von gruenigen luca
708,6539,fuchs pascal
709,6007,fischer bjoern
710,6119,karlen gabriel
711,4177,grimholm jakob
712,6445,gardet sacha
713,5652,espiau martin
714,5434,berney guillaume
715,6535,birchler tobias
716,6758,insam alex
717,6440,faivre rampant julien
718,6685,kulikov sergei
719,6792,vanini edouard
720,5416,grimsrud simen key
721,2026,choi seou
722,6545,selbach lena
723,7054,dollberg celina
724,5853,klinec barbara
725,6298,srsen julija
726,6631,huber julia
727,5553,haeckert melanie
728,6568,schmidt debora
729,6556,kranzl michaela
730,6777,kummer laura
731,6317,wiegele lisa
732,6555,raudaschl elisabeth
733,6664,goerlich luisa
734,7056,saure hermann
735,6666,piater maximilian
736,6551,hamann martin
737,6064,heinz henrik
738,6282,leischker dominik
739,5294,hammer tord markussen
740,7033,skachilov vladislav
741,6940,merts emil
742,5975,rastad morten oegar
743,5989,johansen marius fredrik
744,6588,aune joakim
745,7032,reshetnikov konstantin
746,6336,park je-un
747,7036,tigin alexander
748,6097,berggaard mats soehagen
749,7035,polychronidis nico
750,6100,forfang johann andre
751,5237,harada yumu
752,7045,sukhomeniuk roman
753,7018,mitev evelin
754,7044,mulyk vadym
755,7017,simitchiyski krasimir
756,5512,leja krysztof
757,7034,buzescu purice constantin robert
758,6925,nezhborts kristaps
759,6942,karatsupa stanislav
760,6630,mitrofan nicolae sorin
761,6562,blega stefan valentin
762,6646,dong bing
763,6862,grushina daria
764,6648,wang meiting
765,7039,sutiagina alena
766,6856,lanin ivan
767,2549,hlyvka vladymyr
768,6084,aschenwald philipp
769,5305,polinkiewicz rafal
770,6614,pytel michal
771,6166,zyla damian
772,6160,gasienica laskowy bartosz
773,6036,nazarov mikhail
774,6099,henningsen alexander
775,6868,stenseth mathis rebne
776,5378,muravitski aliaksei
777,6843,hoff andreas
778,6435,grm david
779,6533,sogard jonas gropen
780,6830,daniels zach
781,6847,maurer dillon
782,6672,lussi miles
783,6833,knickerbocker spencer
784,5524,yamada yuya
785,6471,lebar matej
786,6047,kumerdej matjaz
787,5282,plestenjak luka
788,6486,sinkovec nace
789,6289,lavtizar anze
790,5782,varesco daniele
791,6578,rokita roland
792,6528,schmid martin
793,6351,gundersson erik
794,7091,prevc domen
795,6469,jelovcan florjan
796,6814,anderson emilee
797,6794,kraus henriette
798,6489,hoffmann elyse
799,2567,ellis brenna
800,6815,wallace elizabeth
801,6937,ernst gianina
802,7116,ernst gianina
803,7016,nadymova stefaniya
804,5801,mitchell charlotte
805,7046,saifullina adel
806,5973,fuhre jan
807,7089,bakke tonje
808,6753,winter paul
809,6651,hahn julian
810,6633,bartol tilen
811,7095,korhonen janne
812,6255,tahkavuori frans
813,7079,ylitapio santeri
814,6329,streitler patrick
815,5512,leja krzysztof
816,6718,keil daniel
817,6083,gruber markus
818,6527,kogler patrick
819,6244,diess martin
820,6878,rupitsch markus
821,5895,kaiser maximilian
822,5132,zagar rozle
823,,ozstasyonar mustafa
824,6880,granerud halvor egner
825,6035,samsonov yury
826,7132,shishkin vadim
827,6790,hoyau marie
828,5828,javorsek anja
829,7147,zajc timi
830,6698,stekala andrzej
831,6993,gut pawel
832,7051,braatane sondre vestoel
833,6892,rogelj urban
834,6954,kus jan
835,6895,stemberger matija
836,5664,kalinichenko vitaliy
837,7172,dolezel dusan
838,6532,buskum andreas granerud
839,7119,hulloeen bendik
840,7203,morozov valerii
841,7118,sumstad are
842,5774,pasichnyk viktor
843,6060,balanda ruslan
844,7075,michalek jan
845,6549,lasota damian
846,7009,peklaj matija
847,6178,oztasyonar mustafa
848,6914,pasichnyk stepan
849,7042,maroe idar
850,6953,capuder martin
851,6893,bogataj tine
852,6906,loukasmaeki wili
853,6910,alamommo andreas
854,6770,parpala joonas
855,6015,moilanen lasse
856,6908,pulkkinen niko
857,6017,herola ilkka
858,6016,heikkinen juuso
859,7086,titov ruslan
860,6420,eklund simon
861,6918,aigro artti
862,2902,ahonen pasi
863,2908,sharabayev sergey
864,7122,kratov ilya
865,7174,lesnik kristjan
866,6534,stensgard kristian
867,5211,rajnoch pavel
868,6491,jarzabek dawid
869,7052,cerny filip
870,6725,dohnal jakub
871,6978,kantor lukas
872,6724,polasek viktor
873,6977,szymeczek robert
874,7007,ondrejka tomas
875,5281,martinc anze
876,6722,seme urban
877,7031,durco dominik
878,6690,longo alessio
879,7214,mrakotova jana
880,7215,ptackova veronika
881,6538,zelger daniel
882,6639,roch dupland thomas
883,7092,rabaut guillaume
884,6543,revilliod blanchard noelic
885,6136,royer arthur
886,7078,forsstroem susanna
887,7223,meloe sara
888,6173,smeby helena olsson
889,7224,mork anniken
890,,22 jul 1982
891,6171,baila ovidiu
892,6801,soukup matthew
893,6149,watanabe rikuta
894,6354,nishikata shingo
895,6785,wada tomokatsu
896,4503,takahashi daito
897,6151,sato yukiya
898,7201,feroiu alexandru
899,6392,nakamura naoki
900,6153,takanashi kanta
901,6659,hristov viktor
902,6288,kobayashi ryoyu
903,6628,grigore adrian
904,7225,brunner niklas
905,6273,mabuchi minato
906,6781,ito masamitsu
907,6852,yip raven
908,6808,boeriu ioana
909,7240,stefanita bianca elena
910,6388,seto yuka
911,5756,yamaguchi mizuki
912,7239,trambitas andreea diana
913,6853,bruce mahni
914,7238,militaru carina alexandra
915,7217,skele sarlote
916,7249,sipos gaudi andreea
917,,bakke  tonje
918,,mork  anniken
919,,ernst  gianina
920,,forsstroem  susanna
921,4130,iraschko-stolz daniela
922,6609,madsen joergen
923,7256,bjoereng joacim oedegaard
924,7080,vellupillai rishi
925,7257,bakke edvart myrvang
926,7255,berger lars brodshaug
927,7258,inngjerdingen christian
928,7317,inngjerdingen christian
929,7067,pedersen robin
930,6250,oevregaard jonas schoien
931,6907,merilaeinen eetu
932,7069,ipunen marko
933,6899,strand knut jokerud
934,7253,nedrejord ole mathis
935,7252,bazhenov aleksandr
936,7124,nogin roman
937,4682,morrice trevor
938,7037,bobrakova alina
939,6352,hagemoen jenny synnoeve
940,6597,alchikova liubov
941,6686,aleksandrova maria
942,6255,taehkaevuori frans
943,,bobrakova  alina
944,4537,yoshiizumi yoshiko
945,,stefanita  bianca
946,5262,leihe stephan
947,3231,hoffman taylor
948,5230,smith tyler
949,7266,sandell jonas
950,6851,lauchlan nigel
951,5331,geraghty-moats tara
952,6604,tuomisto sanni
953,4931,hauer nicole
954,7271,iakovleva lidiia
955,7272,iakovleva mariia
956,7050,pacurar radu mihai
957,7048,cacina daniel andrei
958,7120,medvedev alexandr
959,6983,kelemen peter
960,6515,gungen munir
961,6985,reymeyer tamas
962,7121,zyryanov sergey
963,6807,spulber mihnea alexandru
964,6805,feldoreanu andrei
965,7282,bedir muhammed ali
966,7222,krassnegger jan - oswald
967,7131,alzhanova viktoriya
968,7281,voros virag
969,7129,shalushinina galina
970,7128,sderzhikova valentina
971,7270,solovyeva natalia
972,6563,haralambie daniela vasilica
973,6164,urbas damian
974,7211,baer moritz
975,6483,jelar ziga
976,6912,kytoesaho niko
977,5931,lunardi andrew
978,4735,swider stanislaw
979,5541,gasienica andrzej
980,6974,falkensteiner michael
981,7261,greber felix
982,7049,farkas hunor
983,7125,abduhalilov ibraim
984,6652,schubert johannes
985,6793,seretinek anita
986,6637,watanabe minami
987,6998,oi shihori
988,7267,pinkelnig eva
989,7308,segawa fumika
990,7213,purker claudia
991,6681,maruyama nozomi
992,7240,stefanuta bianca elena
993,6894,tarman rok
994,6927,maylaender axel
995,6738,schaale max
996,6737,schultheiss richard
997,6973,nietzel justin
998,7139,flemstroem marcus
999,7140,devall sebastian
1000,7322,kytoesaho eetu
1001,7085,hammann petrick
1002,7352,ketis andrej
1003,7027,reisch agnes
1004,7210,seidl fabian
1005,6341,rombach sebastian
1006,6433,troy matthias
1007,2936,paeaekkoenen teemu
1008,7209,korhonen ville
1009,7355,virrantalo juho
1010,7356,ala-talkkari lauri-matias
1011,7354,nousiainen eetu
1012,6558,fuchs tim
1013,6715,reisenauer janni
1014,5648,tiirmaa karl-august
1015,7237,twardosz anna
1016,7378,rajda kinga
1017,5890,wangler niklas
1018,7104,romang kevin
1019,7186,vallet edgar
1020,7421,generalov ilja
1021,7420,kotik kiril
1022,6999,hauswirth sandro
1023,6716,brasme paul
1024,6333,pointu jeremy
1025,6438,claret tournier luc
1026,2563,hug tim
1027,5311,tadic saso
1028,6845,pavlovcic bor
1029,6516,silvester jernej
1030,7433,myhren mats bjerke
1031,6658,zografski martin
1032,7430,randen jakob tjaaland
1033,7316,sheynov vasil
1034,7254,hafslund oscar alexander
1035,5760,trofimov roman sergeevich
1036,7445,krupa dawid
1037,7133,kolodziej krystian
1038,6991,kastelik dominik
1039,7425,markin victor
1040,7343,tkachenko sergey
1041,7427,markin artem
1042,7435,mazurchuk dmytro
1043,7440,hatle filip
1044,7123,anchugin stanislav
1045,2174,rosko vladimir
1046,7230,marusyak yevgen
1047,7082,lian kristian
1048,7447,vitez patrik
1049,7424,mizirev aleksandr
1050,6989,solcan mihai andrei
1051,7436,chava vasyl
1052,6990,urbas tymoteusz
1053,7446,lokaj szymon
1054,6987,wasek pawel
1055,7426,malyshev valentin
1056,7451,zelenchuk ivan
1057,6813,saito shota
1058,7141,eriksson anton
1059,7006,sato keiichi
1060,7364,kinoshita yuto
1061,6997,iwasa yuken
1062,7309,igarashi ayaka
1063,7234,kil joanna
1064,7448,droniak khrystyna
1065,7233,karpiel kamila
1066,7296,stefan raluca iulia
1067,,forfang johann a.
1068,,pinkelnig  eva
1069,,mrakotova  jana
1070,7485,pedersen peder naevestad
1071,7486,jacobsen espen
1072,6625,haukedal richard
1073,7487,fredheim kenneth henningsmo
1074,7488,dahl oliver
1075,7431,maanum markus
1076,7484,solberg christian roeste
1077,7483,sagbakken mats k.
1078,7479,hoegden harald deraas
1079,6734,lindvik marius
1080,6733,aasberg nikolai
1081,7192,ladehaug anders
1082,7193,haare anders
1083,7465,khazeev ratmir
1084,7194,bratlien jonas
1085,6732,oedegaard jesper
1086,6981,lippestad carl henning
1087,6804,lundgren olof
1088,6982,villumstad fredrik
1089,7432,myhr sverre aas
1090,7480,brenna leif christian
1091,7478,midtsundstad hanna
1092,7477,opseth silje
1093,7476,kablukova ksenia
1094,7469,zhukova anna
1095,6791,avocat gros oceane
1096,5768,dodyuk vitalii
1097,7228,kushnirchuk mykola
1098,5674,nosal mojmir
1099,7491,pendziviater michal
1100,7457,lock jake
1101,7241,skupien damian
1102,7242,bukowski lukasz
1103,6889,weigel cedrik
1104,7229,vaskul andriy
1105,7502,pavlic blaz
1106,7126,safonov gleb
1107,6986,czyz bartosz
1108,7494,sankey logan
1109,7070,pesatova zdena
1110,7525,white trent
1111,7458,lock robert
1112,7510,livreri landon
1113,6855,polz matthew
1114,,erikson johan
1115,6645,klimov evgeniy
1116,7004,althaus felix
1117,6667,menz benedikt
1118,7023,frischmann erik
1119,6552,hoffmann felix
1120,7516,stroemhaug peder skjaeret
1121,7449,neuhold jan
1122,6759,senoner joy
1123,7429,flotten erlend
1124,6883,vancura tomas
1125,6563,haralambie daniela
1126,6595,tikhonova sofia
1127,6098,tande daniel andre
1128,7289,lienher maximilian
1129,6711,leitner clemens
1130,,schmalnauer max
1131,7178,wienerroither julian
1132,7391,dirnbauer josef
1133,6710,schwann mika
1134,7288,stanfel naim
1135,7556,kurita riki
1136,5968,watanabe tomoya
1137,7340,ardelean paul gabriel
1138,6740,echsler moritz
1139,6572,komaba shinya
1140,6154,takehana kenta
1141,7588,markeng thomas aasen
1142,,koga makkusu
1143,6709,ellmauer katharina
1144,7392,grabner linda
1145,7216,moser timna
1146,7573,maurer nicole
1147,7572,hamming eleora
1148,7575,eilers natalie
1149,7571,strate abigail
1150,7219,lancho arantxa
1151,6898,malsiner lara
1152,6780,narita kaede
1153,7072,kriznar nika
1154,7597,krepelkova marta
1155,6665,goerlich sophia
1156,,nogin roman 
1157,6014,ilola anselmi
1158,6498,migachev maxim
1159,7276,ruikka pyry
1160,7275,loeytaeinen niko
1161,6928,sell adrian
1162,7277,markkanen joni
1163,,hauer  nicole
1164,,kriznar  nika
1165,,sderzhikova  valentina
1166,7243,jurosz jakub
1167,7696,malyjurek mateusz
1168,7336,pilch tomasz
1169,7590,stosel kacper
1170,7679,ringen sondre
1171,6984,molnar kristof
1172,7475,vyvial marcel
1173,7680,braathen matias
1174,7699,staszel mateusz
1175,7515,korody christian
1176,7259,westerheim oscar p
1177,7330,molnar florian
1178,7693,marchukov aleksandr
1179,7471,baskakov ilya
1180,7442,palasz katarzyna
1181,7412,cieslar paulina
1182,7481,perini janne
1183,6884,schmalnauer maximilian
1184,7222,krassnegger jan-oswald
1185,7711,gasienica patrick
1186,6956,learoyd jonathan
1187,6678,kaiser ben
1188,7107,lacroix olan
1189,6959,contamine mathis
1190,7108,mueller pascal
1191,7227,anderegg mario
1192,7000,hess jakob
1193,6543,revilliod blanchard noelig
1194,6941,devyatkin nikita
1195,7167,cho sung-woo
1196,7206,yim soo-hyeon
1197,7166,lee ju-chan
1198,6729,si jeong-heon
1199,7464,sergeev maksim
1200,7506,lundberg julia
1201,7700,mohlen jonna
1202,7168,park guy-lim
1203,7417,romanyuk liliya
1204,7130,akhmetvaliyeva dayana
1205,7504,gundersson matilda
1206,,rajda  kinga
1207,7280,kleven sander
1208,7731,johannessen erik
1209,7230,marusiak yevhen
1210,7229,vaskul andrii
1211,7723,hwang seok-jae
1212,7081,loe jostein
1213,6951,maltsev kevin
1214,7730,berg joergen
1215,6533,soegard jonas gropen
1216,7070,pesatova zdenka
1217,6920,pappel taavi
1218,7552,mattoon nathan
1219,7698,ruukel kenno
1220,7738,ledger beckett
1221,7744,hoefler tucker
1222,7301,mabuchi tomoru
1223,6515,gungen muhammed munir
1224,6368,nagai takehiro
1225,7574,bodnarchuk natasha
1226,7750,andrews grant
1227,7755,rogans cory
1228,7754,stretch max
1229,7752,bolton sam
1230,6727,schrock somer
1231,7553,urlaub andrew
1232,7769,tschida luke
1233,7713,smith hunter
1234,7786,dowling benjamin
1235,7175,osterc aljaz
1236,6481,fabijan nik
1237,7196,schmid constantin
1238,7713,gibson hunter
1239,6726,dostal stanislav
1240,7795,holub benedikt
1241,7797,julinek patrik
1242,7319,sablatura petr
1243,7318,selcer radek
1244,7800,slavik frantisek
1245,7652,rydl radek
1246,7796,lejsek frantisek
1247,7651,sikola jakub
1248,7799,sluka mikulas
1249,7793,eggen rebecca
1250,7512,kleven thea sofie
1251,7794,eggen ingrid
1252,7321,ptackova stepanka
1253,7548,chindris maria daria
1254,7534,urbanija coz kaja
1255,7530,dieu romane
1256,7505,westman frida
1257,7507,moberg astrid
1258,7153,morat lucile
1259,7792,mathisen madeleine kvam
1260,7437,komar katra
1261,7789,saglien ingebjoerg braaten
1262,7511,skatvedt karoline
1263,7293,bressand marine
1264,7798,weinlichova simona
1265,7154,pagnier josephine
1266,7439,brecl jerneja
1267,7292,paillard oceane
1268,,rhoads william 
1269,7361,schwei dominik
1270,7497,mittendorfer florian
1271,7177,haagen philipp
1272,7185,valtiner noah
1273,7285,peter dominik
1274,7202,alter markkus
1275,7334,hutyra patryk
1276,7143,lisso justin
1277,7339,vinogradovs markuss
1278,7205,kubena lukas
1279,7726,shpyneva anna
1280,7825,sidlova viktoria
1281,7688,hausenberg triinu
1282,6944,bendi annemarii
1283,7724,noskova glafira
1284,7417,romaniuk liliia
1285,6343,barannikova anastasiya
1286,,guy-lim
1287,7884,vetelainen jonne
1288,7939,vetelainen jonne
1289,3144,miettinen juha
1290,7885,heikkinen kalle
1291,6964,virrantalo markus
1292,7171,ahonen mico
1293,6531,riiber jarl magnus
1294,7722,sandell jonas-sloth
1295,7725,chizhov fedor
1296,7886,ingebrigtsen christian
1297,7273,allamuratov erkin
1298,6911,kavilo henri
1299,7629,barantceva aleksandra
1300,7659,buff simone
1301,7883,makhinia liia
1302,7890,baarset astrid louise
1303,7287,suter charlotte
1304,6708,mair sophie
1305,7673,laue josephin
1306,7669,kramer sara
1307,7380,stephani pauline
1308,7568,seto rio
1309,7578,pekha dayana
1310,7889,amble eva elise j
1311,7789,braaten ingebjoerg saglien
1312,7751,kindlimann rea
1313,7372,freitag selina
1314,7887,lund mari leinan
1315,7173,kindlimann lars
1316,7666,batby alessandro
1317,6979,bernoud tim
1318,6958,white jack
1319,7906,oeihagen thea
1320,7669,kramer marita
1321,7353,kosak jakob
1322,7155,roth luca
1323,7305,nikaido ren
1324,7665,larson cara
1325,7813,macuga samantha
1326,7746,nester sophia
1327,7747,armstrong gabriella
1328,7733,immens mollie
1329,7559,hoffmann anna
1330,7535,vidic matija
1331,7160,yudin artem
1332,7117,mekhonoshin ivan
1333,7817,supola robert
1334,7338,cirulis martins
1335,7907,sykchin nikita
1336,7405,stankevica elizabete
1337,7826,hankova natalia
1338,7598,pylypchuk tetyana
1339,7423,berzina liga
1340,7832,herasymiuk vitalina
1341,7642,feroiu florin
1342,,kleven  thea sofie
1343,5720,sun jianping
1344,5166,yang guang
1345,7920,forsstroem petteri
1346,7901,kudriavtsev nikita
1347,7922,breivik andreas varsi
1348,7841,chen zhe
1349,6805,feldorean andrei
1350,7900,kokrin vladislav
1351,7587,kadyrov ilshat
1352,7874,tovkes nikita
1353,7888,vassilyev danil
1354,7858,tervahartiala julia
1355,7918,kvernmo pernille
1356,7919,roestad emilie serina
1357,7902,akchurin ruslan
1358,7586,tursunzhanov nurshat
1359,7911,loginov aleksandr
1360,2682,ringquist abby
1361,7836,jojko szymon
1362,7835,juroszek kacper
1363,7349,raimund philipp
1364,2992,jirotka david
1365,7333,bresadola giovanni
1366,7450,hoerl jan
1367,7910,pavlenko oleg
1368,7936,dean decker
1369,7939,vetelaeinen jonne
1370,7771,tremblay stephane
1371,7924,saapunki joni
1372,7801,belshaw annika
1373,6871,sarkisiani artur
1374,7463,resinger peter
1375,7715,moerth francisco
1376,7456,rainer stefan
1377,7179,haagen david
1378,7337,niemczyk karol
1379,7022,weigel justin
1380,8037,markeng simen aasen
1381,7871,oestvold benjamin
1382,7839,rajda mateusz
1383,7567,mikase ren
1384,7543,markuta katja
1385,7183,eder lisa
1386,7368,mazi pia
1387,7500,kamoda ayuka
1388,7889,amble eva elise johansen
1389,,muminov sabirzhan 
1390,8004,pohjola arttu
1391,8133,airisniemi markus
1392,7589,gruszka mateusz
1393,6946,lee robert
1394,7080,saether rishi
1395,7906,oeihaugen thea
1396,7596,seifert alexandra
1397,7577,tukhtaeva alina
1398,7320,kellermann sebestian
1399,8146,khodykin dmitry
1400,7232,weigel lennart
1401,7410,vaverka petr
1402,7915,purtov mikhail
1403,7304,yamakawa taro
1404,8040,kobayashi tatsunao
1405,7492,kos lovro
1406,7112,maerkl kilian
1407,7113,goller max
1408,8147,vakhrushev aleksandr
1409,8145,nikolaev konstantin
1410,5242,naito tomofumi
1411,8154,berger frida
1412,8155,harsche katarzyna
1413,8153,traaserud heidi dyhre
1414,7827,bezuchova nina
1415,8151,pylypchuk ivan
1416,7708,grebeniuk vitaliy
1417,7709,shumbarets oleksandr
1418,6870,shubitidze george
1419,8103,pawlowski szymon
1420,7496,akhabadze sergey
1421,7357,kozanashvili vazha
1422,,di lenardo zeno 
1423,2025,choi heung chul
1424,2024,kim hyunki
1425,7705,matavin nikolai
1426,7167,cho sungwoo
1427,8170,scharffs greyson
1428,7206,yim soohyeon
1429,8174,rolseth noah
1430,7579,shishkina veronika
1431,8176,berghmans sophie
1432,7168,park guylim
1433,,stefanuta bianca elena 
1434,8021,sundal kristoffer eriksen
1435,7584,boiko mikhail
1436,8144,siven onni kasperi
1437,7166,lee juchan
1438,6729,si jeongheon
1439,7723,hwang seokjae
1440,,pilch  tomasz
1441,8101,chowaniec jakub
1442,8078,kieta krzysztof
1443,7759,brezovnik medard
1444,7366,presecnik jernej
1445,7761,hafnar mark
1446,7758,dobre bernard
1447,8009,bombek jan
1448,7537,oblak rok
1449,7542,mogel zak
1450,6760,zambelli gabriele
1451,7524,cecon francesco
1452,7935,campregher andrea
1453,7520,moroder daniel
1454,7583,nekhoroshev ivan
1455,7540,toporis nejc
1456,8143,heumann niclas
1457,7610,gerisch tom
1458,7347,hahne benedikt
1459,7388,geyer luca
1460,7904,vodusek lovro
1461,8076,sadreev danil
1462,7383,ihle alina
1463,7668,thannheimer amelie
1464,7379,mueller sandra
1465,7745,ambrosi martina
1466,8139,hubinger eva
1467,7674,nowak jenny
1468,7872,cerna anna
1469,7864,hermanova petra
1470,8199,borodina alina
1471,7381,kuebler pia lilian
1472,7823,ulrichova klara
1473,7748,moharitsch vanessa
1474,7768,maurus sophia
1475,7933,hirner lisa
1476,8068,kravtsov sergey
1477,7861,jencova veronika
1478,6702,wackernell julian
1479,8215,dzhafarov zakhir
1480,7685,gobozovi alan
1481,6691,puntel alice
1482,7739,sorschag sophie
1483,5796,maatta jarkko
1484,6995,vanska elias
1485,7275,loytainen niko
1486,8196,mellingsaeter jo roemme
1487,6950,hermanson ivo-niklas
1488,7736,white matthew
1489,8026,stroem joergen
1490,8197,kvandal eirin maria
1491,8019,woergoetter marco
1492,7532,ritzer josef
1493,8246,haave henrik
1494,7773,eriksen sander vossan
1495,7875,rep marcel
1496,7681,robnik luka
1497,8098,kinnunen tuomas
1498,7840,niznik adam
1499,8024,baarset ole kristian
1500,6912,kytosaho niko
1501,8185,wiegele hannah
1502,7878,logar lara
1503,7917,prokopieva kristina
1504,7740,repinc zupancic jerneja
1505,7395,tschofenig daniel
1506,7937,jovan tomi
1507,8290,ciszek stanislaw
1508,7654,krzak jaroslaw
1509,8095,pekala wiktor
1510,8286,zygmuntowicz krystian
1511,7396,rzadkosz jan
1512,8138,jojko arkadiusz
1513,7600,habdas jan
1514,8310,krzempek milosz
1515,7409,brodsky josef
1516,8270,hauser krystof
1517,7521,galiani mattia
1518,8264,kagu markkus
1519,8148,konderla nicole
1520,7359,pawlikowska roza
1521,7929,volavsek ema
1522,8279,pietraszko nikola
1523,7663,majerczyk stanislaw
1524,,devyatkin nikita 
1525,2813,vassiliev dmitriy
1526,,marita
1527,7562,nishimori kaito
1528,8131,grilc tjas
1529,8156,kapias erik
1530,7498,kusaka ryuki
1531,8347,arslan salih enes
1532,7501,fujita shinnosuke
1533,7561,kudo sota
1534,7749,oi shun
1535,7735,jones paige
1536,7616,sieff annika
1537,8150,highfill jillian
1538,7376,gobozova esmeralda
1539,7766,sieff arianna
1540,7523,malsiner jessica
1541,7639,prinoth lena
1542,7522,dejori daniela
1543,,iraschko-stolz  daniela
1544,,tursunzhanov nurshat 
1545,8225,fystro eirik leander
1546,8394,negrebetskii vasilii
1547,7843,hu jingtao
1548,7844,li guozheng
1549,6783,gasienica lucas
1550,6226,li chao
1551,8384,hagen ida marie
1552,7916,bickner kailey
1553,8383,hansen gyda westvold
1554,7332,klimowski bartlomiej
1555,8405,zapotoczny szymon
1556,7908,moerth claudio
1557,8413,schluetter anton
1558,7329,podobnik benjamin
1559,8349,presterl domen
1560,8410,srsen gasper
1561,7647,lipovsek rocnik miha
1562,8209,zavrsnik gorazd
1563,7876,hladnik matic
1564,7646,santelj stas
1565,8404,jeglic timotej
1566,8008,vodusek karlo
1567,7517,niederberger lean
1568,8409,wilkinson canden
1569,7399,camenzind noah
1570,8342,cecon alexander
1571,,sijia
1572,,fangyu
1573,8412,bartolj maksim
1574,8211,rosar urh
1575,7877,strzinar marcel
1576,8423,jekovec kristjan
1577,8318,wang sijia
1578,8317,zhou fangyu
1579,8359,ketterer julian
1580,7135,ludwig sebastian
1581,7670,fuchs eric
1582,7592,modricker quirin
1583,8376,stevanovic nikola
1584,8443,strand soelve jokerud
1585,8444,braaten jostein saglien
1586,8445,bjoertomt paal haakon
1587,,amble esben alexander johansen
1588,8441,midtsundstad nora
1589,8320,hao yanjie
1590,8446,bjoerseth thea minyan
1591,8386,kleven ingrid hordvik
1592,8357,vetrih nika
1593,8321,li jingwen
1594,7408,tomaselli giada
1595,6701,kahofer timon-pascal
1596,7181,widhoelzl noah
1597,7401,schuster jonas
1598,7617,zimmermann raffael
1599,8137,kulmitzer dominik
1600,8355,zupanec david
1601,8477,tepes jon
1602,8079,kogler elias
1603,8136,bachlinger niklas
1604,,muhammet irfan
1605,,fatih arda
1606,8543,piskunova kseniia
1607,8371,mokhova elizaveta
1608,7608,machinya irma
1609,7580,tukhtaeva amina
1610,8495,mankov ilia
1611,7507,norstedt astrid
1612,8005,jaekle anna
1613,8130,jereb ana
1614,8368,lauvsland karoline
1615,7815,kubota machiko
1616,7677,haas claudio
1617,7320,kellermann sebastian
1618,8533,nakamura yuto
1619,8534,nagamine hisaki
1620,8619,przybyla wiktoria
1621,8419,torazza emely
1622,7860,muehlbacher julia
1623,7608,makhinia irma
1624,7852,goebel michelle
1625,8495,mankov ilya
1626,8544,oustad mathilde
1627,8026,stroem joergen oliver
1628,7189,gaarder jens
1629,9341,heggli bendik jakobsen
1630,8487,kvaal bjoernar
1631,8245,vikan simen
1632,8233,gundersrud adrian thon
1633,219619,olaussen iver
1634,8227,joergensen sindre ulven
1635,8364,cui qihang
1636,8611,tsvietkov denys
1637,8623,herasymiuk vladyslav
1638,8366,gong shouyi
1639,8548,yaniuk yurii
1640,8598,lee landon
1641,8498,belshaw erik
1642,8538,korchuk anton
1643,8365,zhang shuai
1644,8027,amble espen alexander johansen
1645,8018,medwed elias
1646,7415,kutsevych artem
1647,,ambrosi martina 
1648,8124,rys robert
1649,7360,bukowski jan
1650,8096,wegrzynkiewicz wiktor
1651,7869,fickowski wiktor
1652,8621,galica jan
1653,6423,kupczak szczepan
1654,219623,sherstnev mikhail
1655,219604,kolobov maksim
1656,7159,duka maksim
1657,7626,steinbeisser simon
1658,8113,grundmann paul justus
1659,7689,spiewok simon
1660,7623,hoyer eric
1661,7384,schwarz sebastian
1662,219625,jaekle jonas
1663,7634,koenig tobias
1664,8198,shchegolev daniil
1665,8510,zhou xiaoyang
1666,8417,jindrisek jiri
1667,8514,zhen weijie
1668,8503,zhao chuan
1669,8512,lyu yixin
1670,8522,wang shaopeng
1671,8505,zhu honglin
1672,7657,imhof remo
1673,8511,wang rui
1674,8504,zeng jincheng
1675,219632,zhai yujia
1676,8119,drax ronja
1677,8202,arnet sina
1678,7604,sadvarova karolina
1679,8066,pinzani greta
1680,7635,kothbauer sophie
1681,8453,vuerich noelia
1682,8524,peng qingyue
1683,8082,zanitzer martina
1684,219633,ren jiaojiao
1685,8515,wang liangyao
1686,8509,shao birun
1687,219600,subbotina anastasiia
1688,7856,foubert valentin
1689,8065,aigner xaver
1690,8210,mueller markus
1691,8030,haugeng simen meen
1692,7775,hast marius aas
1693,8212,zupan ozbe
1694,7776,fredriksen nicolai langseth
1695,7606,konvalinka jiri
1696,7620,masle rok
1697,8284,buechel alina
1698,7862,koldovska tereza
1699,219643,malacinski annika
1700,8340,istenic veronika
1701,9345,loutitt alexandria
1702,7598,pylypchuk tetiana
1703,8358,kroell florian
1704,7914,hofer michael
1705,7719,ikeda ryusei
1706,,hunter usa
1707,,patrick usa
1708,,maksim rus
1709,,cecon francesco 
1710,,trambitas andreea diana 
1711,,folea delia anamaria 
1712,,loutitt alexandria 
1713,,mitu cosca alessia 
1714,8624,mitu-cosca alessia
1715,8141,folea delia anamaria
