,name,codex
1,kofler andreas,4141
3,schlierenzauer gregor,5040
5,takeuchi taku,4367
7,bardal anders,2934
9,koudelka roman,4801
11,morgenstern thomas,4143
13,mechler maximilian,2931
15,neumayer michael,2927
17,stoch kamil,4321
19,hlava lukas,3090
21,prevc peter,5658
23,freitag richard,5564
25,velta rune,5987
27,janda jakub,1984
29,vassiliev dimitry,2813
31,ammann simon,2067
33,zauner david,6296
35,hocke stephan,4015
37,hayboeck michael,5288
39,kornilov denis,4880
41,freund severin,4197
43,damjan jernej,4025
45,koch martin,2815
47,loitzl wolfgang,2088
49,watase yuta,2852
51,gangnes kenneth,5181
53,ito daiki,4259
55,kranjec robert,2918
57,koivuranta anssi,5119
59,kot maciej,5298
61,happonen janne,3012
63,ito kenshiro,4963
65,boyd-clowes mackenzie,4678
67,sklett vegard haukoe,5904
69,hautamaeki matti,1991
71,kasai noriaki,2022
73,matura jan,2947
75,colloredo sebastian,4186
77,romoeren bjoern einar,2917
79,evensen johan remen,5749
81,fettner manuel,2928
83,kobayashi junshiro,5451
85,morassi andrea,4724
87,mueller lukas,5750
88,unterberger david,1945
89,roensen atle pedersen,5067
90,tepes jurij,4646
92,kalinitschenko anton,2874
94,meznar mitja,4939
95,hula stefan,4322
97,sinkovec jure,3104
99,wank andreas,4226
101,kubacki dawid,5142
103,grigoli marco,1922
105,zyla piotr,4325
107,bresadola davide,2708
109,ipatov dimitry,4613
111,karpenko nikolay,1906
113,nurmsalu kaarel,6145
115,kraft stefan,5497
117,innauer mario,5038
118,levkin yevgeniy,5607
120,poppinger manuel,5039
122,muotka olli,5185
124,chedal emmanuel,2819
126,dezman nejc,5676
128,byrt tomasz,5493
129,sardyko alexander,5764
131,nordin carl,5115
132,eisenbichler markus,5253
134,sedlak borek,2999
136,balkaasen fredrik,5123
137,pchelintsev alexey,5114
139,descombes sevoie vincent,2987
141,iraschko daniela,4130
143,hendrickson sarah,5999
145,pozun katja,5000
146,graessler ulrike,4767
148,sagen anette,4890
150,vogt carina,5010
152,van lindsey,4637
154,rogelj spela,5855
155,wuerth svenja,5251
156,vtic maja,4929
158,faisst melanie,1953
159,hughes abby,2682
160,lundby maren,5930
162,taktaeva irina,6043
163,jahr line,4893
164,kasai yoshiko,4537
165,clair julia,5917
167,watase ayumi,4538
168,ito yuki,5754
170,lemare lea,6013
171,seifriedsberger jacqueline,1909
173,runggaldier elena,1921
175,mikova lucie,5707
176,johnson alissa,4883
177,jerome jessica,4632
179,althaus katharina,6113
181,haefele anna,1911
182,windmueller sabrina,5387
184,keil katharina,6186
185,dolezelova michaela,5483
187,demetz lisa,1912
188,kykkaenen julia,5793
190,mattel coline,5498
192,bogataj ursa,6197
193,d agostina roberta,1917
194,steen hansen synne,5742
195,insam evelyn,5388
197,tepes anja,1916
198,roider cornelia,5716
199,pustkova vladena,1914
201,pograjc manja,5005
202,hagemoen jenny synnove,6352
203,vuik wendy,5015
204,lussi nina,5332
205,enger gyda,5428
206,veshchikova anastasia,6265
207,thomae lara,5473
208,gladysheva anastasiya,6343
210,schoitsch sonja,6569
211,hilde tom,5064
213,sklett vegard-haukoe,5904
215,cikl martin,4643
217,schmitt martin,1998
219,mabboux alexandre,5320
221,hajek antonin,4593
223,tochimoto shohei,2530
225,judez dejan,5479
226,zmoray tomas,1967
227,mietus krzysztof,5302
229,zografski vladimir,5168
230,deschwanden gregor,5435
232,egloff pascal,5590
234,mayer nicolas,5188
236,dellasega diego,5324
238,ziobro jan,5429
240,brandt johan martin,5988
241,kozisek cestmir,5063
243,trofimov roman-sergeevich,5760
244,kang chil gu,3006
245,choi yong-jik,2026
247,kim hyun-ki,2024
250,choi heung-chul,2025
253,zhaparov radik,3787
255,korolev alexey,1905
257,paern illimar,1951
259,nomme martti,6258
261,sammelselg siim-tanel,5235
263,schoft felix,2178
264,maeaettae jarkko,5796
266,ruuskanen juha-matti,2916
267,muranka klemens,5326
269,zniszczol aleksander,5494
271,fannemel anders,5972
273,hazetdinov ilmir,5466
275,larinto ville,5396
277,hvala jaka,5891
279,stjernen andreas,5174
281,niemi sami,5360
283,heiskanen sami,5397
285,keituri kalle,2970
287,winkler david,5481
288,takanashi sara,6198
290,straub ramona,5714
291,zobel veronika,6403
292,mohr jenna,1908
293,henrich taylor,6090
295,hoeppner lucienne,5554
296,iwabuchi kaori,6210
297,rupprecht anna,5883
298,seyfarth juliane,1952
299,yamada yurina,6196
300,yumoto fumihisa,4379
302,okabe takanobu,2016
303,frenette peter,5336
305,elverum sorsell kim rene,5068
307,sakuyama kento,5521
309,ingvaldsen ole marius,5193
311,suzuki sho,5522
312,endo shuji,4299
313,funaki kazuyoshi,2021
314,yoshioka kazuya,2018
315,tanaka atsuko,6504
316,tanaka atsuko,6929
318,koasa seiko,4539
319,hirayama yurika,5204
320,maruyama jun,6211
321,kobayashi yuka,5954
322,sawaya natsuka,2196
323,veschekova anastasiya,6265
324,karlengen silje,6348
325,stursa vojtech,6414
327,dejmkova natalie,6054
328,klusek bartlomiej,5547
329,swensen vegard,4957
330,bachleda marcin,2036
331,ma tong,6599
332,li xueyao,6598
333,ji cheng,6602
334,naglic tomaz,5026
335,chaadaev petr,6189
337,de crignis alessio,1950
339,fletcher bryan,4760
340,lamb chris,5019
342,johnson anders,4626
344,bodmer pascal,2129
345,logar eva,1913
347,avvakumova irina,6043
349,hoelzl chiara,6570
350,liu qi,6647
351,pretorius alexandra,6660
353,haralambie dana vasilica,6563
354,windmueller bigna,5386
356,jacobsen anders,4889
358,wellinger andreas,6696
360,shimizu reruhi,5963
362,asikainen lauri,5757
364,rosliakov ilja,4664
366,pungertar matjaz,5284
368,bjerkeengen fredrik,5293
369,kraus marinus,6342
371,zupancic miran,4972
372,mazoch jiri,5062
373,kulmala mika,5361
375,dellasega roberto,4720
377,romashov alexey,5706
379,pograjc andraz,5109
381,geiger karl,5567
383,queck danny,2177
384,benedik matic,5894
385,malsiner manuela,6503
386,blazkova barbora,6649
388,rajnochova michaela,6567
389,peier killian,6235
391,kaelin pascal,6008
393,choi seou,2026
395,kang chil-ku,3006
397,biegun krzysztof,5939
399,valta ossi-pekka,6000
401,watanabe hiroaki,5523
402,korek dusty,6307
404,tanaka shota,4269
405,shigeno misaki,4798
406,takeda ayuka,5236
407,matsuhashi aki,6024
408,lamy chappuis ronan,5723
410,rautionaho jenny,6397
412,grimsrud simen,5416
413,chang xinyue,6600
414,roestad karoline,6795
415,semenic anze,5626
417,rutkowski lukasz,5141
418,klinec barbara,5853
419,gianmoena veronica,6310
420,fairall nicholas,4764
422,alexander nicholas,5219
424,diethart thomas,5438
426,ahonen janne,1995
428,justin rok,5695
429,schiffner markus,5585
431,stauder christoph,5439
432,greiderer simon,6086
433,tande daniel-andre,6098
435,johansson robert,5589
437,iraschko-stolz daniela,4130
439,tikhonova sofya,6595
440,raudaschl elisabeth,6555
441,palasz magdalena,6751
443,sepandj jasmine,6308
444,grushina daria,6862
445,wiegele lisa,6317
446,mitchell charlotte,5801
447,nadymova stefaniya,7016
448,kranzl michaela,6556
449,kustova alexandra,6596
450,huber julia,6631
451,szwab joanna,6314
453,klinga sebastian,6398
455,zhaparov marat,4599
457,maksimochkin mikhail,6194
459,viry david,5737
461,smeby helena olsson,6173
462,klinec ema,6470
464,ernst  gianina,7116
465,stroem anna odine,6867
466,wenig daniel,5273
467,forsstroem  susanna,7078
468,yoshiizumi yoshiko,4537
469,yamaguchi mizuki,5756
470,englund nita,6089
471,iwasa haruka,6395
472,hrgota robert,5053
473,takahashi daito,4503
474,grimsrud simen key,5416
475,polychronidis nico,7035
476,paschke pius,2171
477,pitea sorin iulian,6560
478,hauer joachim,5974
479,torok eduard,6559
480,glasder michael,2805
482,hosoyama shusaku,4024
483,forsstroem susanna,7078
485,muminov sabirzhan,5788
487,wolny jakub,6165
489,javorsek anja,5828
490,solovyeva natalia,7270
491,bobrakova  alina,7037
492,alchikova liubov,6597
493,aleksandrova maria,6686
494,hoyau marie,6790
495,prevc cene,6480
497,lanisek anze,6437
499,karlen gabriel,6119
501,cecon federico,5778
503,forfang johann andre,6100
505,leyhe stephan,5262
507,boyarintsev vladislav,6679
509,sjoeen phillip,6312
510,aigner clemens,5518
511,tollinger elias,6327
512,olli harri,4580
514,lacroix sebastien,5735
516,bickner kevin,6671
518,rhoads william,6581
520,wohlgenannt ulrich,5519
521,rowley matthew,1931
523,egloff luca,5924
525,varesco daniele,5782
527,sokolenko konstantin,6492
529,fuchs tim,6558
530,seto yuka,6388
531,pinkelnig  eva,7267
532,hessler pauline,6548
533,geraghty-moats tara,5331
534,kraus henriette,6794
535,oi shihori,6998
536,iakovleva mariia,7272
537,mork anniken,7224
538,sato yukiya,6151
539,polasek viktor,6724
541,harada yumu,5237
543,holik frantisek,6328
544,morrice trevor,4682
545,bjoereng joacim oedegaard,7256
546,kadlec milos,6055
547,antonissen lars,6005
548,biela stanislaw,5550
549,stefanuta bianca elena,7240
550,ptackova veronika,7215
551,shuvalov alexander,6510
552,shishkin vadim,7132
553,srsen julija,6298
554,forfang johann a.,6100
555,schuler andreas,6009
557,pinkelnig eva,7267
558,kriznar nika,7072
559,kablukova ksenia,7476
560,purker claudia,7213
561,opseth silje,7477
562,hamming eleora,7572
563,tande daniel andre,6098
565,stekala andrzej,6698
567,aschenwald philipp,6084
569,hofer thomas,6085
570,vancura tomas,6883
572,trofimov roman sergeevich,5760
574,kobayashi ryoyu,6288
576,prevc domen,7091
578,altenburger florian,5515
579,bartol tilen,6633
581,pesatova zdenka,7070
582,haralambie daniela,6563
583,reisch agnes,7027
584,malsiner lara,6898
585,klimov evgeniy,6645
587,kytoesaho niko,6912
588,goerlich luisa,6664
589,ernst gianina,7116
590,ernst gianina,6937
591,ojala juho,6428
593,jelar ziga,6483
594,insam alex,6758
596,granerud halvor egner,6880
597,rajda  kinga,7378
598,lancho arantxa,7219
599,siegel david,6553
600,watanabe minami,6637
601,pavlovcic bor,6845
602,nakamura naoki,6392
603,huber daniel,5945
604,ito masamitsu,6781
605,aalto antti,6996
607,lindvik marius,6734
608,bazhenov aleksandr,7252
610,zhukova anna,7469
611,osterc aljaz,7175
612,larson casey,6877
614,tkachenko sergey,7343
616,morat lucile,7153
617,barannikova anastasiya,6343
618,avocat gros oceane,6791
619,bodnarchuk natasha,7574
620,ringquist abby,2682
621,aune joakim,6588
622,nousiainen eetu,7354
624,nazarov mikhail,6036
626,huber stefan,6093
627,schmid constantin,7196
628,strate abigail,7571
629,dieu romane,7530
630,kramer marita,7669
631,iwasa yuken,6997
632,maurer nicole,7573
633,eilers natalie,7575
634,park guy-lim,7168
635,trambitas andreea diana,7239
636,mair sophie,6708
637,tikhonova sofia,6595
638,kleven  thea sofie,7512
639,militaru carina alexandra,7238
640,paillard oceane,7292
641,brecl jerneja,7439
642,komar katra,7437
643,barantceva aleksandra,7629
644,kamoda ayuka,7500
645,park guylim,7168
646,eder lisa,7183
647,segawa fumika,7308
648,belshaw annika,7801
649,sderzhikova valentina,7128
650,sankey logan,7494
651,tervahartiala julia,7858
652,di lenardo zeno,5933
653,alamommo andreas,6910
654,korhonen janne,7095
655,zajc timi,7147
656,aigro artti,6918
657,learoyd jonathan,6956
658,leitner clemens,6711
659,pilch  tomasz,7336
660,lackner thomas,5517
661,wasek pawel,6987
662,czyz bartosz,6986
663,naito tomofumi,5242
664,ringen sondre,7679
665,pedersen robin,7067
666,hauswirth sandro,6999
667,maatta jarkko,5796
668,iakovleva lidiia,7271
669,mrakotova jana,7214
670,maruyama nozomi,6681
671,pagnier josephine,7154
672,rajda kinga,7378
673,iraschko-stolz  daniela,4130
674,indrackova karolina,6875
675,mikase ren,7567
676,seto rio,7568
677,braaten ingebjoerg saglien,7789
678,narita kaede,6780
679,wang sijia,8318
680,zhou fangyu,8317
681,karpiel kamila,7233
682,shpyneva anna,7726
683,sieff arianna,7766
684,krepelkova marta,7597
685,voros virag,7281
686,moberg astrid,7507
687,freitag selina,7372
688,ptackova stepanka,7321
689,borodina alina,8199
690,shishkina veronika,7579
691,vassiliev dmitriy,2813
692,devyatkin nikita,6941
693,tursunzhanov nurshat,7586
694,mogel zak,7542
695,kytosaho niko,6912
696,heikkinen kalle,7885
697,taehkaevuori frans,6255
698,hoffmann felix,6552
699,baer moritz,7211
700,hamann martin,6551
701,hoerl jan,7450
702,sakala filip,6088
703,kantyka przemyslaw,6530
704,sato keiichi,7006
705,soukup matthew,6801
706,peter dominik,7285
707,sergeev maksim,7464
708,markeng thomas aasen,7588
709,bresadola giovanni,7333
710,buskum andreas granerud,6532
711,villumstad fredrik,6982
712,westerheim oscar p,7259
713,makhinia irma,7608
714,twardosz anna,7237
715,ambrosi martina,7745
716,konderla nicole,8148
717,bjoerseth thea minyan,8446
718,malsiner jessica,7523
719,ulrichova klara,7823
720,loutitt alexandria,9345
721,jones paige,7735
722,prokopieva kristina,7917
723,sorschag sophie,7739
724,norstedt astrid,7507
725,haare anders,7193
726,pohjola arttu,8004
727,choi heung chul,2025
728,roth luca,7155
729,raimund philipp,7349
730,woergoetter marco,8019
731,kalinichenko vitaliy,5664
732,mankov ilya,8495
733,sommer pascal,5741
735,nikaido ren,7305
736,vaculik ondrej,4236
738,sardyko alexander rus,5764
739,shumbarets vitaliy,4922
740,kot jakub,5297
741,mitchell eric,5805
742,zhurakivskyy vasyl,5374
743,zapotoczny andrzej,5745
744,mandl ziga,5407
745,pikl primoz,3023
746,bogner tobias,2136
747,veredyuk volodymyr,5349
748,halvorsen espen enger,5385
749,mitz alexander,5124
750,kramarsic matic,2186
751,buyvolov alexey,2565
752,ylitapio santeri,7079
753,maylaender jan,5263
754,bradatsch sebastian,6281
755,berggaard mats soehagen,6097
756,mork  anniken,7224
757,skinnes marte pauline,6842
758,bakke  tonje,7089
759,winter paul,6753
760,pesatova zdena,7070
761,mrakotova  jana,7214
762,meloe sara,7223
763,inngjerdingen christian,7258
764,inngjerdingen christian,7317
765,ruda adam,6838
766,leja krzysztof,5512
767,seretinek anita,6793
768,brasme paul,6716
769,midtsundstad hanna,7478
770,maurer joshua,6305
771,haukedal richard,6625
772,soeberg sigurd nymoen,6844
773,ipcioglu fatih arda,6177
774,schubert johannes,6652
775,rupitsch markus,6878
776,hauer nicole,4931
777,steiner maximilian,6788
778,reisenauer janni,6715
779,tarman rok,6894
780,igarashi ayaka,7309
781,markuta katja,7543
782,macuga samantha,7813
783,mazi pia,7368
784,urbanija coz kaja,7534
785,hoffmann anna,7559
786,maltsev kevin,6951
787,bedir muhammed ali,7282
788,roch dupland thomas,6639
789,demir ayberk,6179
790,kleven thea sofie,7512
791,westman frida,7505
792,moharitsch vanessa,7748
793,ellmauer katharina,6709
794,sidlova viktoria,7825
795,ihle alina,7383
796,laue josephin,7673
797,loytainen niko,7275
798,kotik kiril,7420
799,usachev egor,6031
800,lisso justin,7143
801,haagen david,7179
802,myhren mats bjerke,7433
803,urlaub andrew,7553
804,skatvedt karoline,7511
805,amble eva elise johansen,7889
806,kuebler pia lilian,7381
807,goebel michelle,7852
808,muehlbacher julia,7860
809,wiegele hannah,8185
810,repinc zupancic jerneja,7740
811,herasymiuk vitalina,7832
812,pylypchuk tetiana,7598
813,kvandal eirin maria,8197
814,marusiak yevhen,7230
815,juroszek kacper,7835
816,dean decker,7936
817,niznik adam,7840
818,vetelainen jonne,7884
819,vetelainen jonne,7939
820,contamine mathis,6959
821,maerkl kilian,7112
822,sell adrian,6928
823,rainer stefan,7456
824,gasienica patrick,7711
825,ahonen mico,7171
826,sadreev danil,8076
827,cacina daniel andrei,7048
828,trofimov roman- sergeevich,5760
829,sprakehaug silje,5401
830,stefanita bianca elena,7240
831,haralambie daniela vasilica,6563
832,bobrakova alina,7037
833,roee espen,6584
834,pilch tomasz,7336
835,zima rok,5443
836,dobovsek matej,5046
837,thurnbichler thomas,4715
838,takayanagi taro,3037
839,horst florian,3989
840,bogataj jure,4009
841,mietus grzegorz,5301
842,lichy patrik,5672
843,brodauf felix,3652
844,oshepkov stanislav,5468
845,yuksel faik,6114
846,urbanc rok,4333
847,vodan gasper,5682
848,strolz andreas,4714
849,spaeth georg,2009
850,lackner daniel,4706
851,hayboeck stefan,5037
852,schabereiter florian,5442
853,reiter christian,5437
854,koch bjoern,6167
855,ylipulli miika,6238
856,eggenhofer markus,5186
857,schuler adrian,5234
858,karelin pavel,2546
859,gawron joanna,5484
861,rashitova adelya,6673
862,lamy chappuis jason,2778
863,braud francois,4588
864,laheurte maxime,4915
865,musiol julian,4215
866,gonthier nicolas,5602
867,tudor remus,5671
868,raffort benjamin,5500
869,maeaettae antti,5799
870,park je-un,6336
871,kaverinen tanja,6768
872,haeckert melanie,5553
873,rieser anna,6526
874,kostner nadine,5516
875,tuomisto sanni,6604
876,schmidt debora,6568
877,drechsel janine,6773
878,wallewein lea,5526
879,funtarov deyan,6139
880,hammer tord-markusen,5294
881,obermayr johannes,5532
882,horlacher kevin,2138
883,bartol gasper,5612
884,wangler niclas,5890
885,hacek vit,5210
886,dysko yaroslav,5350
887,larsson josef,5346
888,lugert tobias,6071
889,tatu robert valentin,6561
890,chervyakov georgiy,6033
891,friedrich tomas,5906
892,blaha hubert,5713
893,berggaard mats s,6097
894,pfannenstill elias,5448
895,yliriesto kimmo,2915
896,lunardi michael,5045
897,forfang johann,6100
898,beisvaag maria hurtado,6866
899,stare agata,6477
900,joitova martina,6787
901,prislic ernest,5829
902,fudel daniel,5565
903,szostok szymon,6155
904,heim christian,5929
905,verbajs tomaz,6109
906,farkas pavel,5392
907,kukula artur,5548
908,mojzesz piotr,6529
909,rus jaka,2699
910,likar matej,5838
911,janota konrad,6699
912,klaric jernej,6484
913,tian zhandong,1901
914,bartos david,6412
915,ripper david,5990
916,modic andraz,5841
917,dunajski patryk,5936
918,vodan aljaz,5893
919,althaus daniel,5503
920,soucek jan,6413
921,kuban robert,5694
922,polushin vladimir,6816
923,zepic aljaz,6315
924,xing chenhui,5721
925,berka radim,5212
926,crnko rok,6475
927,"jong, de rico",6500
928,jerabek rudolf,6181
929,kalinchuk andriy,6463
930,hebel sebastian,6746
931,mech robert,6566
932,kalykov shyngys,5791
933,khamitov kanat,6663
934,kolmakov pavel,6772
935,sviridov igor,6493
936,espiau caroline,5649
937,dreher michael,6199
938,kykkaenen jere,5116
939,yamada hiroki,2919
940,lindstroem veli-matti,2903
941,kovaljeff kai,5710
942,engen klaus ovlien,6215
943,pachin andrey,6029
944,loit rauno,6426
945,loeffler tobias,6632
946,faller jonas,5884
947,menz florian,5864
948,airiau gautier,5318
949,friberg christian,6616
950,hosoda shotaro,5197
951,yamamoto kenta,4272
952,lianes tommy,6025
953,myhre sondre,6399
954,bergquist hans petter,6206
955,hagemoen leif marius,6247
956,moe jon haakon,6214
957,skinnes stian andre,6401
958,skeie sondre,6204
959,ristad mathias,6583
960,aalst van der oldrik,5476
961,soberg sigurd nymoen,6844
962,hellerud andreas myhre,6400
963,wit de ruben,6004
964,aalien fredrik,6573
965,drozdov serhiy,6461
966,korhonen jani,6841
967,anken vital,5232
968,herola matti,6776
969,yakibyuk igor,6719
970,enerhaugen espen,6027
971,kojzar mateusz,6156
972,ystgaard oddvar,5985
973,sliz rafal,4734
974,przybyla jakub,5491
975,gasienica-kotelnicki wojciech,5356
976,cieslar mateusz,5159
977,anken olivier,5921
978,waldis fabian,6091
979,hlyvka vladymyr,2549
980,nordman janne,5528
981,wallace brian,6187
982,karaulov ivan,4748
983,kankenov anton,5606
984,klymchuk andrii,5773
985,szilagyi akos,6075
986,simov daniel,6138
987,lazzaroni david,4041
988,sasaki yuhei,4849
989,sawara takashi,4010
990,ilves kristjan,6408
991,saapunki sami,5795
992,heikkinen noora,6605
993,knutsson elina,5513
994,lechner sepp,6364
995,gugg florian,6125
996,kosec jaka,5892
997,maylaender dominik,6127
998,lanin ivan,6856
999,gardet sacha,6445
1000,grimholm jakob,4177
1001,veselov denis,6511
1002,leontyev grigoriy,6041
1003,utev artem,6687
1004,kulikov sergei,6685
1005,bakke tonje,7089
1006,fuhre jan,5973
1007,sogard jonas gropen,6533
1008,martincic gasper,6425
1009,taehkaevuori riku,6224
1010,wiget samuel,6010
1011,berney guillaume,5434
1012,haupt alexander,6325
1013,mattoon nicholas,6798
1014,shulaev sergey,6494
1015,reshetnikov konstantin,7032
1016,mytskaniuk yauheny,5379
1017,anderson emilee,6814
1018,selbach lena,6545
1019,ellis brenna,2567
1020,hoffmann elyse,6489
1021,saifullina adel,7046
1022,wallace elizabeth,6815
1023,leja krysztof,5512
1024,streitler patrick,6329
1025,ahonen pasi,2902
1026,lehtinen aapo,6431
1027,khalezov alexander,6782
1028,okas sebastian,6930
1029,vaenskae elias,6995
1030,kamynin aleksei,6688
1031,herrmann michael,5901
1032,dufter thomas,6636
1033,birchler tobias,6535
1034,karta samet,6175
1035,weiss franz,5876
1036,leihe stephan,5262
1037,pasichnyk stepan,6914
1038,nedrejord ole mathis,7253
1039,sutiagina alena,7039
1040,michalek jan,7075
1041,blega stefan valentin,6562
1042,cala sebastien,6174
1043,royer arthur,6136
1044,faivre rampant julien,6440
1045,hammer tord markussen,5294
1046,heinrich tim,6062
1047,watanabe rikuta,6149
1048,moilanen lasse,6015
1049,strand knut jokerud,6899
1050,maroe idar,7042
1051,berger lars brodshaug,7255
1052,stenseth mathis rebne,6868
1053,sumstad are,7118
1054,henningsen alexander,6099
1055,oevregaard jonas schoien,6250
1056,hulloeen bendik,7119
1057,stensgard kristian,6534
1058,vellupillai rishi,7080
1059,madsen joergen,6609
1060,bakke edvart myrvang,7257
1061,eklund simon,6420
1062,ipunen marko,7069
1063,merilaeinen eetu,6907
1064,brown a j,6728
1065,buzescu purice constantin robert,7034
1066,lussi miles,6672
1067,gundersson erik,6351
1068,rakparov chingiz,6938
1069,kratov ilya,7122
1070,karatsupa stanislav,6942
1071,nogin roman,7124
1072,sultangulov artur,6960
1073,hagemoen jenny synnoeve,6352
1074,hollaus francesco,6347
1075,kveder miha,6292
1076,cintimar muhammet irfan,6176
1077,ravnik kristijan,6476
1078,scherrer marvin,6246
1079,ernst benjamin,6116
1080,sandell jonas,7266
1081,mitev evelin,7018
1082,simitchiyski krasimir,7017
1083,jarzabek dawid,6491
1084,korhonen ville,7209
1085,tiirmaa karl-august,5648
1086,loukasmaeki wili,6906
1087,paeaekkoenen teemu,2936
1088,heikkinen juuso,6016
1089,persiyancev vladislav,6193
1090,pyzhov sergey,6812
1091,virrantalo juho,7355
1092,ala-talkkari lauri-matias,7356
1093,wangler niklas,5890
1094,podzorski lukasz,6157
1095,lasota damian,6549
1096,hammann petrick,7085
1097,revilliod blanchard noelic,6543
1098,mabuchi minato,6273
1099,oedegaard jesper,6732
1100,lippestad carl henning,6981
1101,pedersen peder naevestad,7485
1102,ladehaug anders,7192
1103,fredheim kenneth henningsmo,7487
1104,maanum markus,7431
1105,aasberg nikolai,6733
1106,dahl oliver,7488
1107,gut pawel,6993
1108,myhr sverre aas,7432
1109,bratlien jonas,7194
1110,jacobsen espen,7486
1111,khazeev ratmir,7465
1112,hoegden harald deraas,7479
1113,anchugin stanislav,7123
1114,sagbakken mats k.,7483
1115,lundgren olof,6804
1116,flemstroem marcus,7139
1117,devall sebastian,7140
1118,solberg christian roeste,7484
1119,brenna leif christian,7480
1120,lauchlan nigel,6851
1121,zagar rozle,5132
1122,edlund trevor,6731
1123,greber felix,7261
1124,kogler patrick,6527
1125,mendel mario,6640
1126,ilola anselmi,6014
1127,loeytaeinen niko,7275
1128,ruikka pyry,7276
1129,mitrofan nicolae sorin,6630
1130,migachev maxim,6498
1131,markkanen joni,7277
1132,goerlich sophia,6665
1133,siegel jonathan,6752
1134,droniak khrystyna,7448
1135,revilliod blanchard noelig,6543
1136,hayboeck alexander,5495
1137,schaffer lucas,6589
1138,kus jan,6954
1139,hahn julian,6651
1140,saito shota,6813
1141,tigin alexander,7036
1142,loe jostein,7081
1143,hafslund oscar alexander,7254
1144,berg joergen,7730
1145,lock jake,7457
1146,yim soo-hyeon,7206
1147,vaskul andrii,7229
1148,cho sung-woo,7167
1149,johannessen erik,7731
1150,lock robert,7458
1151,gungen munir,6515
1152,si jeong-heon,6729
1153,braathen matias,7680
1154,kleven sander,7280
1155,hwang seok-jae,7723
1156,lee ju-chan,7166
1157,grabner linda,7392
1158,randen jakob tjaaland,7430
1159,soegard jonas gropen,6533
1160,kastelik dominik,6991
1161,reid rogan,6800
1162,schwann mika,6710
1163,weigel cedrik,6889
1164,wagner lukas,6065
1165,dolezel dusan,7172
1166,noskova glafira,7724
1167,skele sarlote,7217
1168,seidl fabian,7210
1169,sandell jonas-sloth,7722
1170,lienher maximilian,7289
1171,kurita riki,7556
1172,riiber jarl magnus,6531
1173,ingebrigtsen christian,7886
1174,miettinen juha,3144
1175,kavilo henri,6911
1176,allamuratov erkin,7273
1177,kaiser ben,6678
1178,mah nathaniel,5808
1179,chizhov fedor,7725
1180,gibson hunter,7713
1181,ruukel kenno,7698
1182,virrantalo markus,6964
1183,yamada yuya,5524
1184,nagai takehiro,6368
1185,baarset astrid louise,7890
1186,mohlen jonna,7700
1187,lundberg julia,7506
1188,takehana kenta,6154
1189,,NA
1190,rombach sebastian,6341
1191,mattoon nathan,7552
1192,wienerroither julian,7178
1193,diess martin,6244
1194,krapez david,6684
1195,bogataj tine,6893
1196,gungen muhammed munir,6515
1197,amble eva elise j,7889
1198,roestad emilie serina,7919
1199,armstrong gabriella,7747
1200,dong bing,6646
1201,kvernmo pernille,7918
1202,nester sophia,7746
1203,eggen rebecca,7793
1204,wang meiting,6648
1205,breivik andreas varsi,7922
1206,bukowski lukasz,7242
1207,feldorean andrei,6805
1208,tovkes nikita,7874
1209,farkas hunor,7049
1210,kokrin vladislav,7900
1211,kudriavtsev nikita,7901
1212,adilov akram,6939
1213,spulber mihnea alexandru,6807
1214,pappel taavi,6920
1215,abduhalilov ibraim,7125
1216,forsstroem petteri,7920
1217,chen zhe,7841
1218,vassilyev danil,7888
1219,li chao,6226
1220,sun jianping,5720
1221,kadyrov ilshat,7587
1222,yang guang,5166
1223,lund mari leinan,7887
1224,sykchin nikita,7907
1225,loginov aleksandr,7911
1226,akchurin ruslan,7902
1227,oeihaugen thea,7906
1228,pavlic blaz,7502
1229,schmalnauer maximilian,6884
1230,pacurar radu mihai,7050
1231,kos lovro,7492
1232,lavtizar anze,6289
1233,selcer radek,7318
1234,baskakov ilya,7471
1235,yudin artem,7160
1236,jirotka david,2992
1237,kim hyunki,2024
1238,lacroix olan,7107
1239,niemczyk karol,7337
1240,kil joanna,7234
1241,tukhtaeva alina,7577
1242,sundal kristoffer eriksen,8021
1243,nietzel justin,6973
1244,vaverka petr,7410
1245,haagen philipp,7177
1246,si jeongheon,6729
1247,lee juchan,7166
1248,sikola jakub,7651
1249,molnar florian,7330
1250,zyryanov sergey,7121
1251,siven onni kasperi,8144
1252,hwang seokjae,7723
1253,boiko mikhail,7584
1254,yim soohyeon,7206
1255,cho sungwoo,7167
1256,safonov gleb,7126
1257,vanska elias,6995
1258,seifert alexandra,7596
1259,bressand marine,7293
1260,pekha dayana,7578
1261,hafnar mark,7761
1262,presecnik jernej,7366
1263,batby alessandro,7666
1264,bombek jan,8009
1265,maylaender axel,6927
1266,brezovnik medard,7759
1267,skupien damian,7241
1268,oblak rok,7537
1269,stosel kacper,7590
1270,zambelli gabriele,6760
1271,vidic matija,7535
1272,pawlowski szymon,8103
1273,dobre bernard,7758
1274,moroder daniel,7520
1275,holub benedikt,7795
1276,shumbarets oleksandr,7709
1277,rydl radek,7652
1278,longo alessio,6690
1279,sluka mikulas,7799
1280,kubena lukas,7205
1281,nekhoroshev ivan,7583
1282,campregher andrea,7935
1283,hristov viktor,6659
1284,grebeniuk vitaliy,7708
1285,cecon francesco,7524
1286,samec matevz,6525
1287,toporis nejc,7540
1288,capuder martin,6953
1289,vetelaeinen jonne,7939
1290,goller max,7113
1291,vodusek lovro,7904
1292,dzhafarov zakhir,8215
1293,jojko szymon,7836
1294,gruszka mateusz,7589
1295,vassiliev dmitry,2813
1296,fabijan nik,6481
1297,nowak jenny,7674
1298,hermanson ivo-niklas,6950
1299,resinger peter,7463
1300,eriksen sander vossan,7773
1301,fystro eirik leander,8225
1302,saether rishi,7080
1303,purtov mikhail,7915
1304,negrebetskii vasilii,8394
1305,zelenchuk ivan,7451
1306,kravtsov sergey,8068
1307,zygmuntowicz krystian,8286
1308,marchukov aleksandr,7693
1309,traaserud heidi dyhre,8153
1310,gobozova esmeralda,7376
1311,scharffs greyson,8170
1312,gasienica lucas,6783
1313,kindlimann rea,7751
1314,jencova veronika,7861
1315,robnik luka,7681
1316,grilc tjas,8131
1317,ritzer josef,7532
1318,schluetter anton,8413
1319,lipovsek rocnik miha,7647
1320,zavrsnik gorazd,8209
1321,galiani mattia,7521
1322,pekala wiktor,8095
1323,rep marcel,7875
1324,krzak jaroslaw,7654
1325,hladnik matic,7876
1326,jeglic timotej,8404
1327,camenzind noah,7399
1328,vodusek karlo,8008
1329,hu jingtao,7843
1330,niederberger lean,7517
1331,santelj stas,7646
1332,wilkinson canden,8409
1333,kieta krzysztof,8078
1334,cecon alexander,8342
1335,bartolj maksim,8412
1336,rosar urh,8211
1337,strzinar marcel,7877
1338,jekovec kristjan,8423
1339,jovan tomi,7937
1340,alter markkus,7202
1341,haas claudio,7677
1342,moerth francisco,7715
1343,modricker quirin,7592
1344,gerisch tom,7610
1345,hansen gyda westvold,8383
1346,lauvsland karoline,8368
1347,jaekle anna,8005
1348,piskunova kseniia,8543
1349,torazza emely,8419
1350,midtsundstad nora,8441
1351,kleven ingrid hordvik,8386
1352,przybyla wiktoria,8619
1353,berger frida,8154
1354,komaba shinya,6572
1355,nakamura yuto,8533
1356,habdas jan,7600
1357,nagamine hisaki,8534
1358,machinya irma,7608
1359,mokhova elizaveta,8371
1360,pylypchuk tetyana,7598
1361,tukhtaeva amina,7580
1362,kindlimann lars,7173
1363,matavin nikolai,7705
1364,mankov ilia,8495
1365,kubota machiko,7815
1366,logar lara,7878
1367,vetrih nika,8357
1368,jereb ana,8130
1369,chindris maria daria,7548
1370,bolton sam,7752
1371,tremblay stephane,7771
1372,moerth claudio,7908
1373,ketterer julian,8359
1374,fuchs eric,7670
1375,kellermann sebastian,7320
1376,baarset ole kristian,8024
1377,bjoertomt paal haakon,8445
1378,white jack,6958
1379,strand soelve jokerud,8443
1380,heggli bendik jakobsen,9341
1381,mellingsaeter jo roemme,8196
1382,gundersrud adrian thon,8233
1383,gaarder jens,7189
1384,vikan simen,8245
1385,oestvold benjamin,7871
1386,medwed elias,8018
1387,olaussen iver,219619
1388,stroem joergen oliver,8026
1389,joergensen sindre ulven,8227
1390,markeng simen aasen,8037
1391,kvaal bjoernar,8487
1392,ciszek stanislaw,8290
1393,belshaw erik,8498
1394,korchuk anton,8538
1395,amble espen alexander johansen,8027
1396,lee landon,8598
1397,yaniuk yurii,8548
1398,li guozheng,7844
1399,herasymiuk vladyslav,8623
1400,tsvietkov denys,8611
1401,gong shouyi,8366
1402,zhang shuai,8365
1403,cui qihang,8364
1404,kutsevych artem,7415
1405,highfill jillian,8150
1406,larson cara,7665
1407,oustad mathilde,8544
1408,sieff annika,7616
1409,subbotina anastasiia,219600
1410,dejori daniela,7522
1411,kahofer timon-pascal,6701
1412,jojko arkadiusz,8138
1413,kothbauer sophie,7635
1414,cerna anna,7872
1415,wackernell julian,6702
1416,kroell florian,8358
1417,ikeda ryusei,7719
1418,kolobov maksim,219604
1419,kudo sota,7561
1420,fujita shinnosuke,7501
1421,foubert valentin,7856
1422,kobayashi tatsunao,8040
1423,higashi akira,2119
1424,takhtakhunov assan,4597
